{"train_loss":0.00101220648502931,"val_loss":3.1711934549966827,"_wandb":{"runtime":32},"val_accuracy":0.5,"_timestamp":1.7470079721902165e+09,"_runtime":32.1432023,"_step":199,"epoch":200}