{"val_loss":3.643325545825064,"val_accuracy":0.5,"_timestamp":1.7470090181608317e+09,"_runtime":35.0267404,"_step":199,"_wandb":{"runtime":35},"epoch":200,"train_loss":0.0034152137814089656}