{"epoch":200,"train_loss":0.330224622040987,"val_loss":1.8462666869163513,"val_accuracy":0,"_timestamp":1.7470088917111742e+09,"_wandb":{"runtime":32},"_runtime":32.057037,"_step":199}