{"fold_1/epoch":200,"fold_1/val_loss":0.0016263338378242527,"fold_3/train_loss":0.679528534412384,"fold_4/train_loss":0.0004489299123330663,"fold_2/val_loss":3.8606951236724854,"fold_2/epoch":200,"fold_1/train_loss":0.0010879869514610618,"_runtime":155.2036995,"fold_4/val_loss":2.493270445163944,"fold_3/epoch":200,"fold_3/val_loss":0.6939231952031454,"fold_2/train_loss":0.0004328857030486688,"fold_1/val_accuracy":1,"fold_4/epoch":200,"fold_2/val_accuracy":0,"fold_4/val_accuracy":0.5,"_wandb":{"runtime":155},"fold_3/val_accuracy":0.3333333333333333,"_timestamp":1.7470095428082697e+09,"_step":799}