{"val_accuracy":0,"_wandb":{"runtime":32},"_timestamp":1.7470089726919653e+09,"_runtime":32.6486866,"_step":199,"epoch":200,"train_loss":0.03841778635978699,"val_loss":2.1818734407424927}