{"_runtime":35.5313435,"_step":199,"_wandb":{"runtime":35},"epoch":200,"train_loss":0.00316832575481385,"val_loss":6.236629247665405,"val_accuracy":0,"_timestamp":1.747008460924726e+09}