{"fold_1/train_loss":0.5981488227844238,"fold_2/val_loss":4.321443549961259,"fold_4/val_loss":0.6941943168640137,"fold_3/train_loss":0.0007120575028238818,"fold_1/val_loss":0.6996623575687408,"fold_4/epoch":200,"fold_1/val_accuracy":0.5,"fold_1/epoch":200,"fold_4/train_loss":0.7364177107810974,"fold_3/val_accuracy":0,"fold_2/train_loss":0.0006669418362434953,"fold_2/val_accuracy":0.5,"fold_4/val_accuracy":0.5,"_step":799,"_timestamp":1.7470093327666807e+09,"_wandb":{"runtime":119},"_runtime":119.2792631,"fold_3/val_loss":4.870023608207703,"fold_2/epoch":200,"fold_3/epoch":200}