{"min": {"Temperature": 23.03, "Humidity": 57.174, "Hydrogen Sulfide - LC (PPM)": 6.972, "Hydrogen (PPM)": 4.804, "Nitric Oxide - LC (PPM)": 9.718, "VOCs PID - LC (PPM)": 5.028, "Air Contaminants (PPM)": 0.0, "Methane - LEL (PPM)": 1706.355, "Carbon Dioxide - LC (PPM)": 507.194, "Temperature_rate": -0.020000000000003126, "Humidity_rate": -0.9180000000000064, "Hydrogen Sulfide - LC (PPM)_rate": -0.004000000000000448, "Hydrogen (PPM)_rate": -0.5289999999999999, "Nitric Oxide - LC (PPM)_rate": -0.0070000000000014495, "VOCs PID - LC (PPM)_rate": -0.0030000000000001137, "Air Contaminants (PPM)_rate": -0.33999999999999986, "Methane - LEL (PPM)_rate": -2.004000000000133, "Carbon Dioxide - LC (PPM)_rate": -249.077}, "max": {"Temperature": 26.03, "Humidity": 80.433, "Hydrogen Sulfide - LC (PPM)": 7.099, "Hydrogen (PPM)": 14.514, "Nitric Oxide - LC (PPM)": 10.219, "VOCs PID - LC (PPM)": 5.715, "Air Contaminants (PPM)": 11.535, "Methane - LEL (PPM)": 1719.815, "Carbon Dioxide - LC (PPM)": 1267.905, "Temperature_rate": 0.029999999999997584, "Humidity_rate": 1.3610000000000042, "Hydrogen Sulfide - LC (PPM)_rate": 0.007000000000000561, "Hydrogen (PPM)_rate": 0.6269999999999998, "Nitric Oxide - LC (PPM)_rate": 0.011000000000001009, "VOCs PID - LC (PPM)_rate": 0.007000000000000561, "Air Contaminants (PPM)_rate": 0.32300000000000006, "Methane - LEL (PPM)_rate": 3.133000000000038, "Carbon Dioxide - LC (PPM)_rate": 1.600999999999999}, "min_seq_len": 40}